,S1-S1,S2-S1 AVG,S1-S2 AVG,BPM
3,0.8275,0.307272727,0.5205,73
4,0.851727273,0.322416667,0.529,70
5,0.854363636,0.326,0.528818182,70
6,0.9424,0.35616,0.58624,64
7,0.9437,0.376545455,0.5646,64
8,0.9532,0.417181818,0.5295,63
10,0.849727273,0.339666667,0.510181818,71
11,0.9002,0.344454546,0.5558,67
12,0.750076923,0.300857143,0.449307692,80
15,0.723142857,0,0,83
16,0.799636364,0.296583333,0.50325,75
17,0.7235,0.149,0.5759,83
22,0.863,0.323272727,0.5401,70
